name,season,name_season
ERIC,13,"ERIC, Season 13"
MATT,13,"MATT, Season 13"
JONATHAN,13,"JONATHAN, Season 13"
MICHAEL,13,"MICHAEL, Season 13"
NICK,12,"NICK, Season 12"
NICK,12,"NICK, Season 12"
JONATHAN,12,"JONATHAN, Season 12"
NICK,11,"NICK, Season 11"
BEN,11,"BEN, Season 11"
CHRIS,11,"CHRIS, Season 11"
BEN,11,"BEN, Season 11"
JONATHAN,11,"JONATHAN, Season 11"
RYAN,11,"RYAN, Season 11"
DAVID,11,"DAVID, Season 11"
JOSH,11,"JOSH, Season 11"
RYAN,11,"RYAN, Season 11"
JOSH,10,"JOSH, Season 10"
NICK,10,"NICK, Season 10"
CHRIS,10,"CHRIS, Season 10"
BRIAN,10,"BRIAN, Season 10"
ERIC,10,"ERIC, Season 10"
NICK,10,"NICK, Season 10"
JASON,10,"JASON, Season 10"
JOSH,10,"JOSH, Season 10"
MIKE,10,"MIKE, Season 10"
CHRIS,9,"CHRIS, Season 9"
MICHAEL,9,"MICHAEL, Season 9"
BEN,9,"BEN, Season 9"
BRIAN,9,"BRIAN, Season 9"
NICK,9,"NICK, Season 9"
MIKE,9,"MIKE, Season 9"
NICK,9,"NICK, Season 9"
JONATHAN,9,"JONATHAN, Season 9"
CHRIS,8,"CHRIS, Season 8"
JOHN,8,"JOHN, Season 8"
RYAN,8,"RYAN, Season 8"
MICHAEL,8,"MICHAEL, Season 8"
DAVID,8,"DAVID, Season 8"
BEN,7,"BEN, Season 7"
RYAN,7,"RYAN, Season 7"
RYAN,7,"RYAN, Season 7"
NICK,7,"NICK, Season 7"
BEN,7,"BEN, Season 7"
CHRIS,7,"CHRIS, Season 7"
MATT,7,"MATT, Season 7"
RYAN,7,"RYAN, Season 7"
CHRIS,7,"CHRIS, Season 7"
MICHAEL,7,"MICHAEL, Season 7"
CHRIS,6,"CHRIS, Season 6"
CHRIS,6,"CHRIS, Season 6"
JONATHAN,6,"JONATHAN, Season 6"
JOHN,6,"JOHN, Season 6"
CHRIS,6,"CHRIS, Season 6"
JASON,6,"JASON, Season 6"
JOHN,6,"JOHN, Season 6"
MICHAEL,5,"MICHAEL, Season 5"
DAVID,5,"DAVID, Season 5"
MIKE,5,"MIKE, Season 5"
BRIAN,5,"BRIAN, Season 5"
BRIAN,5,"BRIAN, Season 5"
JOHN,5,"JOHN, Season 5"
JOHN,5,"JOHN, Season 5"
JOSH,5,"JOSH, Season 5"
JASON,4,"JASON, Season 4"
BRIAN,4,"BRIAN, Season 4"
ERIC,4,"ERIC, Season 4"
RYAN,4,"RYAN, Season 4"
BRIAN,4,"BRIAN, Season 4"
JONATHAN,4,"JONATHAN, Season 4"
RYAN,3,"RYAN, Season 3"
BEN,3,"BEN, Season 3"
JOSH,3,"JOSH, Season 3"
JASON,3,"JASON, Season 3"
MATT,3,"MATT, Season 3"
MICHAEL,3,"MICHAEL, Season 3"
RYAN,3,"RYAN, Season 3"
CHRIS,3,"CHRIS, Season 3"
CHRIS,3,"CHRIS, Season 3"
DAVID,3,"DAVID, Season 3"
ERIC,3,"ERIC, Season 3"
ERIC,3,"ERIC, Season 3"
MATT,3,"MATT, Season 3"
RYAN,2,"RYAN, Season 2"
RYAN,2,"RYAN, Season 2"
BRIAN,2,"BRIAN, Season 2"
CHRIS,2,"CHRIS, Season 2"
RYAN,1,"RYAN, Season 1"
MIKE,1,"MIKE, Season 1"
BRIAN,1,"BRIAN, Season 1"
BRIAN,1,"BRIAN, Season 1"
JOSH,1,"JOSH, Season 1"
BRIAN,1,"BRIAN, Season 1"
BRIAN,1,"BRIAN, Season 1"
CHRIS,1,"CHRIS, Season 1"
ERIC,1,"ERIC, Season 1"
MATT,1,"MATT, Season 1"
CHRIS,14,"CHRIS, Season 14"
DAVID,14,"DAVID, Season 14"
JASON,14,"JASON, Season 14"
JOHN,14,"JOHN, Season 14"
MIKE,14,"MIKE, Season 14"
NICK,14,"NICK, Season 14"
RYAN,14,"RYAN, Season 14"
BRIAN,15,"BRIAN, Season 15"
JOHN,15,"JOHN, Season 15"
JONATHAN,15,"JONATHAN, Season 15"
MATT,15,"MATT, Season 15"
MIKE,15,"MIKE, Season 15"
RYAN,15,"RYAN, Season 15"
